name,link
Stonechat,https://www.rspb.org.uk/birds-and-wildlife/wildlife-guides/bird-a-z/stonechat/
Linnet (boty '21),https://www.rspb.org.uk/birds-and-wildlife/wildlife-guides/bird-a-z/linnet/
Chiffchaff,https://www.rspb.org.uk/birds-and-wildlife/wildlife-guides/bird-a-z/chiffchaff/
Willow Warbler,https://www.rspb.org.uk/birds-and-wildlife/wildlife-guides/bird-a-z/willow-warbler/
Shag,https://www.rspb.org.uk/birds-and-wildlife/wildlife-guides/bird-a-z/shag/
GC Grebe,https://www.rspb.org.uk/birds-and-wildlife/wildlife-guides/bird-a-z/great-crested-grebe/
Coot,https://www.rspb.org.uk/birds-and-wildlife/wildlife-guides/bird-a-z/coot/
Moorhen,https://www.rspb.org.uk/birds-and-wildlife/wildlife-guides/bird-a-z/moorhen/
Heron,https://www.rspb.org.uk/birds-and-wildlife/wildlife-guides/bird-a-z/grey-heron/
House Martin,https://www.rspb.org.uk/birds-and-wildlife/wildlife-guides/bird-a-z/house-martin/
Swift,https://www.rspb.org.uk/birds-and-wildlife/wildlife-guides/bird-a-z/swift/
Swallow,https://www.rspb.org.uk/birds-and-wildlife/wildlife-guides/bird-a-z/swallow/
Goldfinch,https://www.rspb.org.uk/birds-and-wildlife/wildlife-guides/bird-a-z/goldfinch/
Chaffinch,https://www.rspb.org.uk/birds-and-wildlife/wildlife-guides/bird-a-z/chaffinch/
Nuthatch,https://www.rspb.org.uk/birds-and-wildlife/wildlife-guides/bird-a-z/nuthatch/
GS Woodpecker,https://www.rspb.org.uk/birds-and-wildlife/wildlife-guides/bird-a-z/great-spotted-woodpecker/
Black Swan,https://en.wikipedia.org/wiki/Black_swan
Razorbill,https://www.rspb.org.uk/birds-and-wildlife/wildlife-guides/bird-a-z/razorbill/
Gannet,https://www.rspb.org.uk/birds-and-wildlife/wildlife-guides/bird-a-z/gannet/
Fulmar,https://www.rspb.org.uk/birds-and-wildlife/wildlife-guides/bird-a-z/fulmar/
Kittiwake,https://www.rspb.org.uk/birds-and-wildlife/wildlife-guides/bird-a-z/kittiwake/
Shoveler,https://www.rspb.org.uk/birds-and-wildlife/wildlife-guides/bird-a-z/shoveler/
Black Tailed Godwit,https://www.rspb.org.uk/birds-and-wildlife/wildlife-guides/bird-a-z/black-tailed-godwit/
Wigeon,https://www.rspb.org.uk/birds-and-wildlife/wildlife-guides/bird-a-z/wigeon/
Song Thrush,https://www.rspb.org.uk/birds-and-wildlife/wildlife-guides/bird-a-z/song-thrush/
Crossbill,https://www.rspb.org.uk/birds-and-wildlife/wildlife-guides/bird-a-z/crossbill/
Pochard,https://www.rspb.org.uk/birds-and-wildlife/wildlife-guides/bird-a-z/pochard/
Snipe,https://www.rspb.org.uk/birds-and-wildlife/wildlife-guides/bird-a-z/snipe/
Redshank,https://www.rspb.org.uk/birds-and-wildlife/wildlife-guides/bird-a-z/redshank/
Greenshank,https://www.rspb.org.uk/birds-and-wildlife/wildlife-guides/bird-a-z/greenshank/
Whimbrel,https://www.rspb.org.uk/birds-and-wildlife/wildlife-guides/bird-a-z/whimbrel/
Tawny Owl,https://www.rspb.org.uk/birds-and-wildlife/wildlife-guides/bird-a-z/tawny-owl/
Avocet,https://www.rspb.org.uk/birds-and-wildlife/wildlife-guides/bird-a-z/avocet/
Shelduck,https://www.rspb.org.uk/birds-and-wildlife/wildlife-guides/bird-a-z/shelduck/
Oystercatcher,https://www.rspb.org.uk/birds-and-wildlife/wildlife-guides/bird-a-z/oystercatcher/
Greenfinch,https://www.rspb.org.uk/birds-and-wildlife/wildlife-guides/bird-a-z/greenfinch/
Jay,https://www.rspb.org.uk/birds-and-wildlife/wildlife-guides/bird-a-z/jay/
Reed Bunting,https://www.rspb.org.uk/birds-and-wildlife/wildlife-guides/bird-a-z/reed-bunting/
Red Kite,https://www.rspb.org.uk/birds-and-wildlife/wildlife-guides/bird-a-z/red-kite/
Buzzard,https://www.rspb.org.uk/birds-and-wildlife/wildlife-guides/bird-a-z/buzzard/
Kestrel,https://www.rspb.org.uk/birds-and-wildlife/wildlife-guides/bird-a-z/kestrel/
Peregrine Falcon,https://www.rspb.org.uk/birds-and-wildlife/wildlife-guides/bird-a-z/peregrine/
Kingfisher,https://www.rspb.org.uk/birds-and-wildlife/wildlife-guides/bird-a-z/kingfisher/
Little Egret,https://www.rspb.org.uk/birds-and-wildlife/wildlife-guides/bird-a-z/little-egret/
Curlew,https://www.rspb.org.uk/birds-and-wildlife/wildlife-guides/bird-a-z/curlew/
Crane,https://www.rspb.org.uk/birds-and-wildlife/wildlife-guides/bird-a-z/crane/
Teal,https://www.rspb.org.uk/birds-and-wildlife/wildlife-guides/bird-a-z/teal/
Cormorant,https://www.rspb.org.uk/birds-and-wildlife/wildlife-guides/bird-a-z/cormorant/
